{
    "S04_M0742-02MS.tif": 0.6610663552157016,
    "S04_M0672-02MS.tif": 0.660674244381008,
    "S04_M0600-02MS.tif": 0.6591423186333683,
    "S04_M1172-02MS.tif": 0.6584740595020413,
    "S04_M1032-02MS.tif": 0.6582333860044896,
    "S04_M0670-02MS.tif": 0.6580845930183485,
    "S04_M1030-02MS.tif": 0.6579057664680403,
    "S04_M0596-02MS.tif": 0.6577547559744604,
    "S04_M0744-02MS.tif": 0.6576799640636524,
    "S04_M0668-02MS.tif": 0.6575403273399832,
    "S04_M1170-02MS.tif": 0.6574859858001442,
    "S04_M1174-02MS.tif": 0.6574012753908458,
    "S04_M1104-02MS.tif": 0.6573692634957745,
    "S04_M0740-02MS.tif": 0.6571665073510192,
    "S04_M1028-02MS.tif": 0.6562887017933442,
    "S04_M1102-02MS.tif": 0.6560857744580636,
    "S04_M0736-02MS.tif": 0.655881562045016,
    "S04_M0888-02MS.tif": 0.6553550262178388,
    "S04_M0812-02MS.tif": 0.6551158406170512,
    "S04_M1166-02MS.tif": 0.6551034665988875,
    "S04_M1098-02MS.tif": 0.6549799237928374,
    "S04_M1168-02MS.tif": 0.6548405353852125,
    "S04_M1142-02MS.tif": 0.6546903246643698,
    "S04_M0810-02MS.tif": 0.6544340224988133,
    "S04_M0956-02MS.tif": 0.6543119327820084,
    "S04_M1214-02MS.tif": 0.6540138967594942,
    "S04_M0960-02MS.tif": 0.6537766798255956,
    "S04_M1070-02MS.tif": 0.653470930375246,
    "S04_M0734-02MS.tif": 0.6533106886189464,
    "S04_M0816-02MS.tif": 0.6531741305152308,
    "S04_M1094-02MS.tif": 0.6529512178498583,
    "S04_M0594-02MS.tif": 0.6528945375514865,
    "S04_M1024-02MS.tif": 0.6527501304391424,
    "S04_M0808-02MS.tif": 0.6526576087579877,
    "S04_M0666-02MS.tif": 0.6526188804961256,
    "S04_M0954-02MS.tif": 0.6522653734198389,
    "S04_M0952-02MS.tif": 0.6521510819395175,
    "S04_M0806-02MS.tif": 0.6521083933588864,
    "S04_M0886-02MS.tif": 0.6520518755976481,
    "S04_M1096-02MS.tif": 0.6519430455557867,
    "S04_M1022-02MS.tif": 0.6516962663372282,
    "S04_M1026-02MS.tif": 0.6516329924884541,
    "S04_M0814-02MS.tif": 0.6513330272548528,
    "S04_M0998-02MS.tif": 0.6509819317114023,
    "S04_M0958-02MS.tif": 0.6503716559086692,
    "S04_M1188-02MS.tif": 0.6501817572344653,
    "S04_M0662-02MS.tif": 0.6498938046740236,
    "S04_M0880-02MS.tif": 0.6496063185197699,
    "S04_M0950-02MS.tif": 0.649536483689969,
    "S04_M0756-02MS.tif": 0.6492997884853119,
    "S04_M0638-02MS.tif": 0.6490384057771319,
    "S04_M0882-02MS.tif": 0.6490015559776233,
    "S04_M0878-02MS.tif": 0.648538672996629,
    "S04_M0754-02MS.tif": 0.6479765332377077,
    "S04_M1058-02MS.tif": 0.6477058766610623,
    "S04_M0900-02MS.tif": 0.6476349811234733,
    "S04_M1044-02MS.tif": 0.6471576539576809,
    "S04_M0828-02MS.tif": 0.6467636363090046,
    "S04_M0684-02MS.tif": 0.6465906490765093,
    "S04_M0926-02MS.tif": 0.6462768685873026,
    "S04_M1182-02MS.tif": 0.6461881151267226,
    "S04_M0682-02MS.tif": 0.6460312934280457,
    "S04_M1114-02MS.tif": 0.6458299892829142,
    "S04_M1042-02MS.tif": 0.6456156221472034,
    "S04_M0826-02MS.tif": 0.6454634250908806,
    "S04_M1180-02MS.tif": 0.6451889599934137,
    "S04_M0750-02MS.tif": 0.6444313830338259,
    "S04_M0610-02MS.tif": 0.6439893502901098,
    "S04_M1178-02MS.tif": 0.6438090230152982,
    "S04_M1110-02MS.tif": 0.6437356436461852,
    "S04_M0608-02MS.tif": 0.6433567140817485,
    "S04_M0970-02MS.tif": 0.6431031838885182,
    "S04_M0748-02MS.tif": 0.6427909570387401,
    "S04_M0606-02MS.tif": 0.6426179890473935,
    "S04_M0968-02MS.tif": 0.6424418302814332,
    "S04_M0624-02MS.tif": 0.6420479105621402,
    "S04_M0966-02MS.tif": 0.6417474072114624,
    "S04_M0746-02MS.tif": 0.6417241282535971,
    "S04_M0896-02MS.tif": 0.6413998965194223,
    "S04_M0604-02MS.tif": 0.6413989001309358,
    "S04_M0768-02MS.tif": 0.6412175872780405,
    "S04_M0894-02MS.tif": 0.6405637702210837,
    "S04_M0964-02MS.tif": 0.6401129318158494,
    "S04_M1106-02MS.tif": 0.63986079368833,
    "S04_M0818-02MS.tif": 0.6398241341988311,
    "S04_M0622-02MS.tif": 0.6397966322251468,
    "S04_M1038-02MS.tif": 0.6393108298156391,
    "S04_M1034-02MS.tif": 0.6392739174331142,
    "S04_M0696-02MS.tif": 0.638983719000657,
    "S04_M0972-02MS.tif": 0.6389771912140523,
    "S04_M1196-02MS.tif": 0.6389382542925259,
    "S04_M0820-02MS.tif": 0.6387842705502115,
    "S04_M1126-02MS.tif": 0.6385896411942642,
    "S04_M0676-02MS.tif": 0.6383546909841276,
    "S04_M0764-02MS.tif": 0.6380767076905467,
    "S04_M1052-02MS.tif": 0.637994842085546,
    "S04_M0674-02MS.tif": 0.6379652450470107,
    "S04_M0694-02MS.tif": 0.6376322804244083,
    "S04_M0838-02MS.tif": 0.637563835467614,
    "S04_M0824-02MS.tif": 0.6372555750398137,
    "S04_M0602-02MS.tif": 0.6372466463760417,
    "S04_M0840-02MS.tif": 0.6370760829214146,
    "S04_M1054-02MS.tif": 0.6370597286522113,
    "S04_M0620-02MS.tif": 0.6367368584012141,
    "S04_M1124-02MS.tif": 0.6366938089423357,
    "S04_M0984-02MS.tif": 0.6364554814394348,
    "S04_M0692-02MS.tif": 0.6364294057172705,
    "S04_M0836-02MS.tif": 0.636031336252483,
    "S04_M0912-02MS.tif": 0.6355048964281957,
    "S04_M1194-02MS.tif": 0.6354332636934692,
    "S04_M1112-02MS.tif": 0.6352820369423893,
    "S04_M0762-02MS.tif": 0.6350360675511523,
    "S04_M0760-02MS.tif": 0.634742953301335,
    "S04_M1050-02MS.tif": 0.6347248151433881,
    "S04_M0982-02MS.tif": 0.6346887792864365,
    "S04_M0980-02MS.tif": 0.6346563971217607,
    "S04_M1210-02MS.tif": 0.6341405611983651,
    "S04_M1120-02MS.tif": 0.6340998171063639,
    "S04_M0690-02MS.tif": 0.6333330351782793,
    "S04_M0636-02MS.tif": 0.6331915734773145,
    "S04_M0906-02MS.tif": 0.6331403691928358,
    "S04_M1048-02MS.tif": 0.6330468487701698,
    "S04_M0978-02MS.tif": 0.6325356588240559,
    "S04_M0832-02MS.tif": 0.6323003276407284,
    "S04_M1208-02MS.tif": 0.6318458463816536,
    "S04_M0616-02MS.tif": 0.6317441902014199,
    "S04_M0976-02MS.tif": 0.6317013213874586,
    "S04_M0564-02MS.tif": 0.631639082105803,
    "S04_M0708-02MS.tif": 0.6313080201692477,
    "S04_M0688-02MS.tif": 0.6309726981004361,
    "S04_M0562-02MS.tif": 0.6309484862608914,
    "S04_M0904-02MS.tif": 0.6309357793895108,
    "S04_M0780-02MS.tif": 0.6309001780325931,
    "S04_M0852-02MS.tif": 0.6307584533222083,
    "S04_M1046-02MS.tif": 0.6306744890620757,
    "S04_M0776-02MS.tif": 0.6301751546313861,
    "S04_M1140-02MS.tif": 0.6298421135187524,
    "S04_M0778-02MS.tif": 0.6296993265825762,
    "S04_M0632-02MS.tif": 0.6293069923089758,
    "S04_M0830-02MS.tif": 0.6290843012137113,
    "S04_M0686-02MS.tif": 0.6284894704563305,
    "S04_M0614-02MS.tif": 0.6283272049886867,
    "S04_M1138-02MS.tif": 0.6280846986845126,
    "S04_M0922-02MS.tif": 0.6274545040366017,
    "S04_M0634-02MS.tif": 0.6272709545137855,
    "S04_M0702-02MS.tif": 0.6270351047202891,
    "S04_M1136-02MS.tif": 0.6269703343174057,
    "S04_M0920-02MS.tif": 0.6268432511388107,
    "S04_M0704-02MS.tif": 0.6265304239462909,
    "S04_M1066-02MS.tif": 0.6263952418438556,
    "S04_M0850-02MS.tif": 0.6263756796032061,
    "S04_M0774-02MS.tif": 0.6263139238183243,
    "S04_M1222-02MS.tif": 0.6260417244565606,
    "S04_M0910-02MS.tif": 0.6255486248934106,
    "S04_M1224-02MS.tif": 0.6254064695944638,
    "S04_M1132-02MS.tif": 0.6247830428534236,
    "S04_M0558-02MS.tif": 0.6243484342178723,
    "S04_M0628-02MS.tif": 0.6240203483650243,
    "S04_M1064-02MS.tif": 0.623790297148587,
    "S04_M1220-02MS.tif": 0.6237021456738623,
    "S04_M0992-02MS.tif": 0.6236610968821004,
    "S04_M0994-02MS.tif": 0.623531250310159,
    "S04_M0792-02MS.tif": 0.6233988658022209,
    "S04_M0790-02MS.tif": 0.6231815660260882,
    "S04_M0772-02MS.tif": 0.6230487985079548,
    "S04_M0700-02MS.tif": 0.6229239711831749,
    "S04_M0864-02MS.tif": 0.6228469212203483,
    "S04_M0918-02MS.tif": 0.6228424536664259,
    "S04_M0648-02MS.tif": 0.6226352560117163,
    "S04_M0996-02MS.tif": 0.622370884500048,
    "S04_M0862-02MS.tif": 0.6220441793188752,
    "S04_M1060-02MS.tif": 0.6219970674485296,
    "S04_M0718-02MS.tif": 0.6219128041287539,
    "S04_M1080-02MS.tif": 0.6214728789889794,